<?xml version="1.0" encoding="utf-8"?>
<extension type="component" version="3.0.0" method="upgrade">
<name>COM_LIVINGWORD</name>
<creationDate>April 2014</creationDate>
<author>Mike Leeper</author>
<copyright>This component in released under the GNU/GPL License</copyright>
<authorEmail>web@mlwebtechnologies.com</authorEmail>
<authorUrl>http://www.mlwebtechnologies.com</authorUrl>
<version>3.0.0</version>
<description>COM_LIVINGWORD_XML_DESCRIPTION</description>
<files folder="site">
    <filename>controller.php</filename>
    <filename>index.html</filename>
    <filename>livingword.php</filename>  	
    <filename>metadata.xml</filename>    
    <filename>router.php</filename>    
    <folder>assets</folder>    
    <folder>controllers</folder>    
    <folder>helpers</folder>    
    <folder>views</folder>
</files>
<languages folder="j30">	
<language tag="en-GB">en-GB.com_livingword.ini</language>
</languages>
<scriptfile>script.php</scriptfile>	
<!-- Install Database Section -->
<install>	<sql>		
<file driver="mysql" charset="utf8">sql/install.mysql.utf8.sql</file>	
</sql></install><!-- Uninstall Database Section -->
<uninstall>	<sql>		
<file driver="mysql" charset="utf8">sql/uninstall.mysql.utf8.sql</file>	
</sql></uninstall><update> <!-- Runs on update; New in 2.5 -->	
<schemas>		
<schemapath type="mysql">sql/updates/mysql</schemapath>	
</schemas></update>
<administration>	
<menu img="class:component">COM_LIVINGWORD</menu>    
<submenu>			
<menu img="class:cpanel" alt="CPanel">COM_LIVINGWORD_CPANEL</menu>			
<menu img="class:user" task="manage_sub" alt="Manage Subscribers">COM_LIVINGWORD_MANAGE_SUBSCRIBERS</menu>			
<menu img="class:themes" task="manage_css" alt="Manage CSS">COM_LIVINGWORD_MANAGE_CSS</menu>			
<menu img="class:category" task="manage_plans" alt="Manage Plans">COM_LIVINGWORD_MANAGE_PLANS</menu>			
<menu img="class:article" task="manage_books" alt="Manage Bible Books">COM_LIVINGWORD_MANAGE_BOOKS</menu>			
<menu img="class:language" task="manage_lang" alt="Manage Languages">COM_LIVINGWORD_MANAGE_LANGUAGES</menu>			
<menu img="class:weblinks" task="manage_link" alt="Manage Links">COM_LIVINGWORD_MANAGE_LINKS</menu>    
</submenu>	
<files folder="admin">		
<filename>access.xml</filename>		
<filename>config.xml</filename>		
<filename>controller.php</filename>		
<filename>gpl.txt</filename>		
<filename>index.html</filename>		
<filename>livingword.php</filename>  	
<folder>assets</folder>  	
<folder>controllers</folder>  	
<folder>elements</folder>  	
<folder>help</folder>  	
<folder>helpers</folder>  	
<folder>langsource</folder>  	
<folder>models</folder>  	
<folder>module</folder>  	
<folder>plugin</folder>  	
<folder>sql</folder>  	
<folder>tables</folder>  	
<folder>views</folder>	
</files>		
<languages folder="j30admin">			
<language tag="en-GB">en-GB.com_livingword.ini</language>			
<language tag="en-GB">en-GB.com_livingword.sys.ini</language>		
</languages>
</administration>
<updateservers>  <server type="extension" priority="1" name="LivingWord Update Site">http://www.mlwebtechnologies.com/update/livingword-update.xml</server></updateservers>
</extension>